{"_step":2,"epoch":0,"train/loss":0.6966630816459656,"train/acc":0.5625,"_wandb":{"runtime":30},"_runtime":30,"_timestamp":1.7696209268360121e+09}